[
{ "id": "afghanistan", "fullName": "Afghanistan", "dialCode": 93, "iso": ["AF","AFG"], "currencyId": "afghanistan_afghani", "currencyName": "Afghanistan Afghani", "currencyCode": "AFN", "continentId": "asia", "continentCode": "AS", "continentName": "Asia" },
{ "id": "albania", "fullName": "Albania", "dialCode": 355, "iso": ["AL","ALB"], "currencyId": "albanian_lek", "currencyName": "Albanian Lek", "currencyCode": "ALL", "continentId": "europe", "continentCode": "EU", "continentName": "Europe" },
{ "id": "algeria", "fullName": "Algeria", "dialCode": 213, "iso": ["DZ","DZA"], "currencyId": "algerian_dinar", "currencyName": "Algerian Dinar", "currencyCode": "DZD", "continentId": "africa", "continentCode": "AF", "continentName": "Africa" },
{ "id": "american_samoa", "fullName": "American Samoa", "dialCode": 1, "iso": ["AS","ASM"], "currencyId": "us_dollar", "currencyName": "US Dollar", "currencyCode": "USD", "continentId": "oceania", "continentCode": "OC", "continentName": "Oceania" },
{ "id": "andorra", "fullName": "Andorra", "dialCode": 376, "iso": ["AD","AND"], "currencyId": "euro", "currencyName": "Euro", "currencyCode": "EUR", "continentId": "europe", "continentCode": "EU", "continentName": "Europe" },
{ "id": "angola", "fullName": "Angola", "dialCode": 244, "iso": ["AO","AGO"], "currencyId": "angolan_kwanza", "currencyName": "Angolan Kwanza", "currencyCode": "AON", "continentId": "africa", "continentCode": "AF", "continentName": "Africa" },
{ "id": "anguilla", "fullName": "Anguilla", "dialCode": 1, "iso": ["AI","AIA"], "currencyId": "eastern_caribbean_dollar", "currencyName": "Eastern Caribbean Dollar", "currencyCode": "XCD", "continentId": "north_america", "continentCode": "NA", "continentName": "North America" },
{ "id": "antigua_and_barbuda", "fullName": "Antigua and Barbuda", "dialCode": 1, "iso": ["AG","ATG"], "currencyId": "eastern_caribbean_dollar", "currencyName": "Eastern Caribbean Dollar", "currencyCode": "XCD", "continentId": "north_america", "continentCode": "NA", "continentName": "North America" },
{ "id": "argentina", "fullName": "Argentina", "dialCode": 54, "iso": ["AR","ARG"], "currencyId": "argentine_peso", "currencyName": "Argentine Peso", "currencyCode": "ARS", "continentId": "south_america", "continentCode": "SA", "continentName": "South America" },
{ "id": "armenia", "fullName": "Armenia", "dialCode": 374, "iso": ["AM","ARM"], "currencyId": "dram", "currencyName": "Dram", "currencyCode": "AMD", "continentId": "europe", "continentCode": "EU", "continentName": "Europe" },
{ "id": "aruba", "fullName": "Aruba", "dialCode": 297, "iso": ["AW","ABW"], "currencyId": "aruban_florin", "currencyName": "Aruban Florin", "currencyCode": "AWG", "continentId": "north_america", "continentCode": "NA", "continentName": "North America" },
{ "id": "australia", "fullName": "Australia", "dialCode": 61, "iso": ["AU","AUS"], "currencyId": "australian_dollar", "currencyName": "Australian Dollar", "currencyCode": "AUD", "continentId": "oceania", "continentCode": "OC", "continentName": "Oceania" },
{ "id": "austria", "fullName": "Austria", "dialCode": 43, "iso": ["AT","AUT"], "currencyId": "euro", "currencyName": "Euro", "currencyCode": "EUR", "continentId": "europe", "continentCode": "EU", "continentName": "Europe" },
{ "id": "azerbaijan", "fullName": "Azerbaijan", "dialCode": 994, "iso": ["AZ","AZE"], "currencyId": "manat", "currencyName": "Manat", "currencyCode": "AZN", "continentId": "europe", "continentCode": "EU", "continentName": "Europe" },
{ "id": "bahrain", "fullName": "Bahrain", "dialCode": 973, "iso": ["BH","BHR"], "currencyId": "baharaini_dinar", "currencyName": "Baharaini Dinar", "currencyCode": "BHD", "continentId": "asia", "continentCode": "AS", "continentName": "Asia" },
{ "id": "bangladesh", "fullName": "Bangladesh", "dialCode": 880, "iso": ["BD","BGD"], "currencyId": "taka", "currencyName": "Taka", "currencyCode": "BDT", "continentId": "asia", "continentCode": "AS", "continentName": "Asia" },
{ "id": "barbados", "fullName": "Barbados", "dialCode": 1, "iso": ["BB","BRB"], "currencyId": "barbados_dollar", "currencyName": "Barbados Dollar", "currencyCode": "BBD", "continentId": "north_america", "continentCode": "NA", "continentName": "North America" },
{ "id": "belarus", "fullName": "Belarus", "dialCode": 375, "iso": ["BY","BLR"], "currencyId": "belarusian_ruble", "currencyName": "Belarusian Ruble", "currencyCode": "BYN", "continentId": "europe", "continentCode": "EU", "continentName": "Europe" },
{ "id": "belgium", "fullName": "Belgium", "dialCode": 32, "iso": ["BE","BEL"], "currencyId": "euro", "currencyName": "Euro", "currencyCode": "EUR", "continentId": "europe", "continentCode": "EU", "continentName": "Europe" },
{ "id": "belize", "fullName": "Belize", "dialCode": 501, "iso": ["BZ","BLZ"], "currencyId": "belize_dollar", "currencyName": "Belize Dollar", "currencyCode": "BZD", "continentId": "north_america", "continentCode": "NA", "continentName": "North America" },
{ "id": "benin", "fullName": "Benin", "dialCode": 229, "iso": ["BJ","BEN"], "currencyId": "cfa_franc", "currencyName": "CFA Franc", "currencyCode": "XOF", "continentId": "africa", "continentCode": "AF", "continentName": "Africa" },
{ "id": "bermuda", "fullName": "Bermuda", "dialCode": 1, "iso": ["BM","BMU"], "currencyId": "bermudian_dollar", "currencyName": "Bermudian Dollar", "currencyCode": "BMD", "continentId": "north_america", "continentCode": "NA", "continentName": "North America" },
{ "id": "bhutan", "fullName": "Bhutan", "dialCode": 975, "iso": ["BT","BTN"], "currencyId": "ngultrum", "currencyName": "Ngultrum", "currencyCode": "BTN", "continentId": "asia", "continentCode": "AS", "continentName": "Asia" },
{ "id": "bolivia", "fullName": "Bolivia", "dialCode": 591, "iso": ["BO","BOL"], "currencyId": "boliviano", "currencyName": "Boliviano", "currencyCode": "BOB", "continentId": "south_america", "continentCode": "SA", "continentName": "South America" },
{ "id": "bonaire_sint_eustatius_and_saba", "fullName": "Bonaire, Sint Eustatius, and Saba", "dialCode": 599, "iso": ["BQ","BES"], "currencyId": "us_dollar", "currencyName": "US Dollar", "currencyCode": "USD", "continentId": "north_america", "continentCode": "NA", "continentName": "North America" },
{ "id": "bosnia_and_herzegovina", "fullName": "Bosnia and Herzegovina", "dialCode": 387, "iso": ["BA","BIH"], "currencyId": "convertible_mark", "currencyName": "Convertible Mark", "currencyCode": "BAM", "continentId": "europe", "continentCode": "EU", "continentName": "Europe" },
{ "id": "botswana", "fullName": "Botswana", "dialCode": 267, "iso": ["BW","BWA"], "currencyId": "botswana_pula", "currencyName": "Botswana Pula", "currencyCode": "BWP", "continentId": "africa", "continentCode": "AF", "continentName": "Africa" },
{ "id": "brazil", "fullName": "Brazil", "dialCode": 55, "iso": ["BR","BRA"], "currencyId": "brazilian_real", "currencyName": "Brazilian Real", "currencyCode": "BRL", "continentId": "south_america", "continentCode": "SA", "continentName": "South America" },
{ "id": "british_virgin_islands", "fullName": "British Virgin Islands", "dialCode": 1, "iso": ["VG","VGB"], "currencyId": "us_dollar", "currencyName": "US Dollar", "currencyCode": "USD", "continentId": "north_america", "continentCode": "NA", "continentName": "North America" },
{ "id": "brunei", "fullName": "Brunei", "dialCode": 673, "iso": ["BN","BRN"], "currencyId": "brunei_dollar", "currencyName": "Brunei Dollar", "currencyCode": "BND", "continentId": "asia", "continentCode": "AS", "continentName": "Asia" },
{ "id": "bulgaria", "fullName": "Bulgaria", "dialCode": 359, "iso": ["BG","BGR"], "currencyId": "bulgarian_lev", "currencyName": "Bulgarian Lev", "currencyCode": "BGL", "continentId": "europe", "continentCode": "EU", "continentName": "Europe" },
{ "id": "burkina_faso", "fullName": "Burkina Faso", "dialCode": 226, "iso": ["BF","BFA"], "currencyId": "cfa_franc", "currencyName": "CFA Franc", "currencyCode": "XOF", "continentId": "africa", "continentCode": "AF", "continentName": "Africa" },
{ "id": "burundi", "fullName": "Burundi", "dialCode": 257, "iso": ["BI","BDI"], "currencyId": "burundi_franc", "currencyName": "Burundi Franc", "currencyCode": "BIF", "continentId": "africa", "continentCode": "AF", "continentName": "Africa" },
{ "id": "cabo_verde", "fullName": "Cabo Verde", "dialCode": 238, "iso": ["CV","CPV"], "currencyId": "cape_verde_escudo", "currencyName": "Cape Verde Escudo", "currencyCode": "CVE", "continentId": "africa", "continentCode": "AF", "continentName": "Africa" },
{ "id": "cambodia", "fullName": "Cambodia", "dialCode": 855, "iso": ["KH","KHM"], "currencyId": "riel", "currencyName": "Riel", "currencyCode": "KHR", "continentId": "asia", "continentCode": "AS", "continentName": "Asia" },
{ "id": "cameroon", "fullName": "Cameroon", "dialCode": 237, "iso": ["CM","CMR"], "currencyId": "cfa_franc", "currencyName": "CFA Franc", "currencyCode": "XAF", "continentId": "africa", "continentCode": "AF", "continentName": "Africa" },
{ "id": "canada", "fullName": "Canada", "dialCode": 1, "iso": ["CA","CAN"], "currencyId": "canadian_dollar", "currencyName": "Canadian Dollar", "currencyCode": "CAD", "continentId": "north_america", "continentCode": "NA", "continentName": "North America" },
{ "id": "cayman_islands", "fullName": "Cayman Islands", "dialCode": 1, "iso": ["KY","CYM"], "currencyId": "cayman_islands_dollar", "currencyName": "Cayman Islands Dollar", "currencyCode": "KYD", "continentId": "north_america", "continentCode": "NA", "continentName": "North America" },
{ "id": "central_african_republic", "fullName": "Central African Republic", "dialCode": 236, "iso": ["CF","CAF"], "currencyId": "cfa_franc", "currencyName": "CFA Franc", "currencyCode": "XAF", "continentId": "africa", "continentCode": "AF", "continentName": "Africa" },
{ "id": "chad", "fullName": "Chad", "dialCode": 235, "iso": ["TD","TCD"], "currencyId": "cfa_franc", "currencyName": "CFA Franc", "currencyCode": "XAF", "continentId": "africa", "continentCode": "AF", "continentName": "Africa" },
{ "id": "chile", "fullName": "Chile", "dialCode": 56, "iso": ["CL","CHL"], "currencyId": "chilean_peso", "currencyName": "Chilean Peso", "currencyCode": "CLP", "continentId": "south_america", "continentCode": "SA", "continentName": "South America" },
{ "id": "china", "fullName": "China", "dialCode": 86, "iso": ["CN","CHN"], "currencyId": "yuan_renminbi", "currencyName": "Yuan Renminbi", "currencyCode": "CNY", "continentId": "asia", "continentCode": "AS", "continentName": "Asia" },
{ "id": "christmas_island", "fullName": "Christmas Island", "dialCode": 61, "iso": ["CX","CXR"], "currencyId": "australian_dollar", "currencyName": "Australian Dollar", "currencyCode": "AUD", "continentId": "asia", "continentCode": "AS", "continentName": "Asia" },
{ "id": "colombia", "fullName": "Colombia", "dialCode": 57, "iso": ["CO","COL"], "currencyId": "colombian_peso", "currencyName": "Colombian Peso", "currencyCode": "COP", "continentId": "south_america", "continentCode": "SA", "continentName": "South America" },
{ "id": "comoros", "fullName": "Comoros", "dialCode": 269, "iso": ["KM","COM"], "currencyId": "comoros_franc", "currencyName": "Comoros Franc", "currencyCode": "KMF", "continentId": "africa", "continentCode": "AF", "continentName": "Africa" },
{ "id": "congo_brazzaville", "fullName": "Congo (Brazzaville)", "dialCode": 242, "iso": ["CG","COG"], "currencyId": "cfa_franc", "currencyName": "CFA Franc", "currencyCode": "XAF", "continentId": "africa", "continentCode": "AF", "continentName": "Africa" },
{ "id": "congo_kinshasa", "fullName": "Congo (Kinshasa)", "dialCode": 243, "iso": ["CD","COD"], "currencyId": "congolese_franc", "currencyName": "Congolese Franc", "currencyCode": "CDF", "continentId": "africa", "continentCode": "AF", "continentName": "Africa" },
{ "id": "cook_islands", "fullName": "Cook Islands", "dialCode": 682, "iso": ["CK","COK"], "currencyId": "new_zealand_dollar", "currencyName": "New Zealand Dollar", "currencyCode": "NZD", "continentId": "oceania", "continentCode": "OC", "continentName": "Oceania" },
{ "id": "costa_rica", "fullName": "Costa Rica", "dialCode": 506, "iso": ["CR","CRI"], "currencyId": "costa_rican_colone", "currencyName": "Costa Rican Colone", "currencyCode": "CRC", "continentId": "north_america", "continentCode": "NA", "continentName": "North America" },
{ "id": "croatia", "fullName": "Croatia", "dialCode": 385, "iso": ["HR","HRV"], "currencyId": "kuna", "currencyName": "Kuna", "currencyCode": "HRK", "continentId": "europe", "continentCode": "EU", "continentName": "Europe" },
{ "id": "cuba", "fullName": "Cuba", "dialCode": 53, "iso": ["CU","CUB"], "currencyId": "cuban_peso", "currencyName": "Cuban Peso", "currencyCode": "CUP", "continentId": "north_america", "continentCode": "NA", "continentName": "North America" },
{ "id": "curacao", "fullName": "Curaçao", "dialCode": 599, "iso": ["CW","CUW"], "currencyId": "netherlands_antillean_guilder", "currencyName": "Netherlands Antillean Guilder", "currencyCode": "ANG", "continentId": "north_america", "continentCode": "NA", "continentName": "North America" },
{ "id": "cyprus", "fullName": "Cyprus", "dialCode": 357, "iso": ["CY","CYP"], "currencyId": "euro", "currencyName": "Euro", "currencyCode": "EUR", "continentId": "europe", "continentCode": "EU", "continentName": "Europe" },
{ "id": "czechia", "fullName": "Czechia", "dialCode": 420, "iso": ["CZ","CZE"], "currencyId": "euro", "currencyName": "Euro", "currencyCode": "EUR", "continentId": "europe", "continentCode": "EU", "continentName": "Europe" },
{ "id": "ivory_coast", "fullName": "Ivory Coast", "dialCode": 225, "iso": ["CI","CIV"], "currencyId": "cfa_franc", "currencyName": "CFA Franc", "currencyCode": "XAF", "continentId": "africa", "continentCode": "AF", "continentName": "Africa" },
{ "id": "denmark", "fullName": "Denmark", "dialCode": 45, "iso": ["DK","DNK"], "currencyId": "danish_krone", "currencyName": "Danish Krone", "currencyCode": "DKK", "continentId": "europe", "continentCode": "EU", "continentName": "Europe" },
{ "id": "djibouti", "fullName": "Djibouti", "dialCode": 253, "iso": ["DJ","DJI"], "currencyId": "djibouti_franc", "currencyName": "Djibouti Franc", "currencyCode": "DJF", "continentId": "africa", "continentCode": "AF", "continentName": "Africa" },
{ "id": "dominica", "fullName": "Dominica", "dialCode": 1, "iso": ["DM","DMA"], "currencyId": "eastern_caribbean_dollar", "currencyName": "Eastern Caribbean Dollar", "currencyCode": "XCD", "continentId": "north_america", "continentCode": "NA", "continentName": "North America" },
{ "id": "dominican_republic", "fullName": "Dominican Republic", "dialCode": 1, "iso": ["DO","DOM"], "currencyId": "dominican_peso", "currencyName": "Dominican Peso", "currencyCode": "DOP", "continentId": "north_america", "continentCode": "NA", "continentName": "North America" },
{ "id": "ecuador", "fullName": "Ecuador", "dialCode": 593, "iso": ["EC","ECU"], "currencyId": "us_dollar", "currencyName": "US Dollar", "currencyCode": "USD", "continentId": "south_america", "continentCode": "SA", "continentName": "South America" },
{ "id": "egypt", "fullName": "Egypt", "dialCode": 20, "iso": ["EG","EGY"], "currencyId": "egyptian_pound", "currencyName": "Egyptian Pound", "currencyCode": "EGP", "continentId": "africa", "continentCode": "AF", "continentName": "Africa" },
{ "id": "el_salvador", "fullName": "El Salvador", "dialCode": 503, "iso": ["SV","SLV"], "currencyId": "us_dollar", "currencyName": "US Dollar", "currencyCode": "USD", "continentId": "north_america", "continentCode": "NA", "continentName": "North America" },
{ "id": "equatorial_guinea", "fullName": "Equatorial Guinea", "dialCode": 240, "iso": ["GQ","GNQ"], "currencyId": "cfa_franc", "currencyName": "CFA Franc", "currencyCode": "XAF", "continentId": "africa", "continentCode": "AF", "continentName": "Africa" },
{ "id": "eritrea", "fullName": "Eritrea", "dialCode": 291, "iso": ["ER","ERI"], "currencyId": "nakfa", "currencyName": "Nakfa", "currencyCode": "ERN", "continentId": "africa", "continentCode": "AF", "continentName": "Africa" },
{ "id": "estonia", "fullName": "Estonia", "dialCode": 372, "iso": ["EE","EST"], "currencyId": "euro", "currencyName": "Euro", "currencyCode": "EUR", "continentId": "europe", "continentCode": "EU", "continentName": "Europe" },
{ "id": "ethiopia", "fullName": "Ethiopia", "dialCode": 251, "iso": ["ET","ETH"], "currencyId": "ethiopian_birr", "currencyName": "Ethiopian Birr", "currencyCode": "ETB", "continentId": "africa", "continentCode": "AF", "continentName": "Africa" },
{ "id": "falkland_islands_islas_malvinas", "fullName": "Falkland Islands (Islas Malvinas)", "dialCode": 500, "iso": ["FK","FLK"], "currencyId": "falkland_islands_pound", "currencyName": "Falkland Islands Pound", "currencyCode": "FKP", "continentId": "south_america", "continentCode": "SA", "continentName": "South America" },
{ "id": "faroe_islands", "fullName": "Faroe Islands", "dialCode": 298, "iso": ["FO","FRO"], "currencyId": "danish_krone", "currencyName": "Danish Krone", "currencyCode": "DKK", "continentId": "europe", "continentCode": "EU", "continentName": "Europe" },
{ "id": "federated_states_of_micronesia", "fullName": "Federated States of Micronesia", "dialCode": 691, "iso": ["FM","FSM"], "currencyId": "us_dollar", "currencyName": "US Dollar", "currencyCode": "USD", "continentId": "oceania", "continentCode": "OC", "continentName": "Oceania" },
{ "id": "fiji", "fullName": "Fiji", "dialCode": 679, "iso": ["FJ","FJI"], "currencyId": "fiji_dollar", "currencyName": "Fiji Dollar", "currencyCode": "FJD", "continentId": "oceania", "continentCode": "OC", "continentName": "Oceania" },
{ "id": "finland", "fullName": "Finland", "dialCode": 358, "iso": ["FI","FIN"], "currencyId": "euro", "currencyName": "Euro", "currencyCode": "EUR", "continentId": "europe", "continentCode": "EU", "continentName": "Europe" },
{ "id": "france", "fullName": "France", "dialCode": 33, "iso": ["FR","FRA"], "currencyId": "euro", "currencyName": "Euro", "currencyCode": "EUR", "continentId": "europe", "continentCode": "EU", "continentName": "Europe" },
{ "id": "french_guiana", "fullName": "French Guiana", "dialCode": 594, "iso": ["GF","GUF"], "currencyId": "euro", "currencyName": "Euro", "currencyCode": "EUR", "continentId": "south_america", "continentCode": "SA", "continentName": "South America" },
{ "id": "french_polynesia", "fullName": "French Polynesia", "dialCode": 689, "iso": ["PF","PYF"], "currencyId": "cfp_franc", "currencyName": "CFP Franc", "currencyCode": "XPF", "continentId": "oceania", "continentCode": "OC", "continentName": "Oceania" },
{ "id": "gabon", "fullName": "Gabon", "dialCode": 241, "iso": ["GA","GAB"], "currencyId": "cfa_franc", "currencyName": "CFA Franc", "currencyCode": "XAF", "continentId": "africa", "continentCode": "AF", "continentName": "Africa" },
{ "id": "gaza_strip", "fullName": "Gaza Strip", "dialCode": 970, "iso": ["XG","XGZ"], "currencyId": "israeli_shekel", "currencyName": "Israeli Shekel", "currencyCode": "ILS", "continentId": "asia", "continentCode": "AS", "continentName": "Asia" },
{ "id": "georgia", "fullName": "Georgia", "dialCode": 995, "iso": ["GE","GEO"], "currencyId": "lari", "currencyName": "Lari", "currencyCode": "GEL", "continentId": "europe", "continentCode": "EU", "continentName": "Europe" },
{ "id": "germany", "fullName": "Germany", "dialCode": 49, "iso": ["DE","DEU"], "currencyId": "euro", "currencyName": "Euro", "currencyCode": "EUR", "continentId": "europe", "continentCode": "EU", "continentName": "Europe" },
{ "id": "ghana", "fullName": "Ghana", "dialCode": 233, "iso": ["GH","GHA"], "currencyId": "ghana_cedi", "currencyName": "Ghana Cedi", "currencyCode": "GHC", "continentId": "africa", "continentCode": "AF", "continentName": "Africa" },
{ "id": "gibraltar", "fullName": "Gibraltar", "dialCode": 350, "iso": ["GI","GIB"], "currencyId": "gibraltar_pound", "currencyName": "Gibraltar Pound", "currencyCode": "GIP", "continentId": "europe", "continentCode": "EU", "continentName": "Europe" },
{ "id": "greece", "fullName": "Greece", "dialCode": 30, "iso": ["GR","GRC"], "currencyId": "euro", "currencyName": "Euro", "currencyCode": "EUR", "continentId": "europe", "continentCode": "EU", "continentName": "Europe" },
{ "id": "greenland", "fullName": "Greenland", "dialCode": 299, "iso": ["GL","GRL"], "currencyId": "danish_krone", "currencyName": "Danish Krone", "currencyCode": "DKK", "continentId": "north_america", "continentCode": "NA", "continentName": "North America" },
{ "id": "grenada", "fullName": "Grenada", "dialCode": 1, "iso": ["GD","GRD"], "currencyId": "eastern_caribbean_dollar", "currencyName": "Eastern Caribbean Dollar", "currencyCode": "XCD", "continentId": "north_america", "continentCode": "NA", "continentName": "North America" },
{ "id": "guadeloupe", "fullName": "Guadeloupe", "dialCode": 590, "iso": ["GP","GLP"], "currencyId": "euro", "currencyName": "Euro", "currencyCode": "EUR", "continentId": "north_america", "continentCode": "NA", "continentName": "North America" },
{ "id": "guam", "fullName": "Guam", "dialCode": 1, "iso": ["GU","GUM"], "currencyId": "us_dollar", "currencyName": "US Dollar", "currencyCode": "USD", "continentId": "oceania", "continentCode": "OC", "continentName": "Oceania" },
{ "id": "guatemala", "fullName": "Guatemala", "dialCode": 502, "iso": ["GT","GTM"], "currencyId": "guatemalan_quetzal", "currencyName": "Guatemalan Quetzal", "currencyCode": "GTQ", "continentId": "north_america", "continentCode": "NA", "continentName": "North America" },
{ "id": "guinea", "fullName": "Guinea", "dialCode": 224, "iso": ["GN","GIN"], "currencyId": "guinea_franc", "currencyName": "Guinea Franc", "currencyCode": "GNF", "continentId": "africa", "continentCode": "AF", "continentName": "Africa" },
{ "id": "guinea_bissau", "fullName": "Guinea-Bissau", "dialCode": 245, "iso": ["GW","GNB"], "currencyId": "cfa_franc", "currencyName": "CFA Franc", "currencyCode": "XAF", "continentId": "africa", "continentCode": "AF", "continentName": "Africa" },
{ "id": "guyana", "fullName": "Guyana", "dialCode": 592, "iso": ["GY","GUY"], "currencyId": "guyana_dollar", "currencyName": "Guyana Dollar", "currencyCode": "GYD", "continentId": "south_america", "continentCode": "SA", "continentName": "South America" },
{ "id": "haiti", "fullName": "Haiti", "dialCode": 509, "iso": ["HT","HTI"], "currencyId": "haitian_gourde", "currencyName": "Haitian Gourde", "currencyCode": "HTG", "continentId": "north_america", "continentCode": "NA", "continentName": "North America" },
{ "id": "honduras", "fullName": "Honduras", "dialCode": 504, "iso": ["HN","HND"], "currencyId": "honduran_lempira", "currencyName": "Honduran Lempira", "currencyCode": "HNL", "continentId": "north_america", "continentCode": "NA", "continentName": "North America" },
{ "id": "hong_kong", "fullName": "Hong Kong", "dialCode": 852, "iso": ["HK","HKG"], "currencyId": "hong_kong_dollar", "currencyName": "Hong Kong Dollar", "currencyCode": "HKD", "continentId": "asia", "continentCode": "AS", "continentName": "Asia" },
{ "id": "hungary", "fullName": "Hungary", "dialCode": 36, "iso": ["HU","HUN"], "currencyId": "hungarian_forint", "currencyName": "Hungarian Forint", "currencyCode": "HUF", "continentId": "europe", "continentCode": "EU", "continentName": "Europe" },
{ "id": "iceland", "fullName": "Iceland", "dialCode": 354, "iso": ["IS","ISL"], "currencyId": "icelandic_krona", "currencyName": "Icelandic Krona", "currencyCode": "ISK", "continentId": "europe", "continentCode": "EU", "continentName": "Europe" },
{ "id": "india", "fullName": "India", "dialCode": 91, "iso": ["IN","IND"], "currencyId": "indian_rupee", "currencyName": "Indian Rupee", "currencyCode": "INR", "continentId": "asia", "continentCode": "AS", "continentName": "Asia" },
{ "id": "indonesia", "fullName": "Indonesia", "dialCode": 62, "iso": ["ID","IDN"], "currencyId": "indonesian_rupiah", "currencyName": "Indonesian Rupiah", "currencyCode": "IDR", "continentId": "asia", "continentCode": "AS", "continentName": "Asia" },
{ "id": "iran", "fullName": "Iran", "dialCode": 98, "iso": ["IR","IRN"], "currencyId": "iranian_rial", "currencyName": "Iranian Rial", "currencyCode": "IRR", "continentId": "asia", "continentCode": "AS", "continentName": "Asia" },
{ "id": "iraq", "fullName": "Iraq", "dialCode": 964, "iso": ["IQ","IRQ"], "currencyId": "iraqi_dinar", "currencyName": "Iraqi Dinar", "currencyCode": "IQD", "continentId": "asia", "continentCode": "AS", "continentName": "Asia" },
{ "id": "ireland", "fullName": "Ireland", "dialCode": 353, "iso": ["IE","IRL"], "currencyId": "euro", "currencyName": "Euro", "currencyCode": "EUR", "continentId": "europe", "continentCode": "EU", "continentName": "Europe" },
{ "id": "isle_of_man", "fullName": "Isle Of Man", "dialCode": 44, "iso": ["IM","IMN"], "currencyId": "isle_of_man_pound", "currencyName": "Isle of Man Pound", "currencyCode": "IMP", "continentId": "europe", "continentCode": "EU", "continentName": "Europe" },
{ "id": "israel", "fullName": "Israel", "dialCode": 972, "iso": ["IL","ISR"], "currencyId": "new_sheqel", "currencyName": "New Sheqel", "currencyCode": "ILS", "continentId": "asia", "continentCode": "AS", "continentName": "Asia" },
{ "id": "italy", "fullName": "Italy", "dialCode": 39, "iso": ["IT","ITA"], "currencyId": "euro", "currencyName": "Euro", "currencyCode": "EUR", "continentId": "europe", "continentCode": "EU", "continentName": "Europe" },
{ "id": "jamaica", "fullName": "Jamaica", "dialCode": 1, "iso": ["JM","JAM"], "currencyId": "jamaican_dollar", "currencyName": "Jamaican Dollar", "currencyCode": "JMD", "continentId": "north_america", "continentCode": "NA", "continentName": "North America" },
{ "id": "japan", "fullName": "Japan", "dialCode": 81, "iso": ["JP","JPN"], "currencyId": "japanese_yen", "currencyName": "Japanese Yen", "currencyCode": "JPY", "continentId": "asia", "continentCode": "AS", "continentName": "Asia" },
{ "id": "jersey", "fullName": "Jersey", "dialCode": 44, "iso": ["JE","JEY"], "currencyId": "jersey_pound", "currencyName": "Jersey Pound", "currencyCode": "JEP", "continentId": "europe", "continentCode": "EU", "continentName": "Europe" },
{ "id": "jordan", "fullName": "Jordan", "dialCode": 962, "iso": ["JO","JOR"], "currencyId": "jordanian_dinar", "currencyName": "Jordanian Dinar", "currencyCode": "JOD", "continentId": "asia", "continentCode": "AS", "continentName": "Asia" },
{ "id": "kazakhstan", "fullName": "Kazakhstan", "dialCode": 7, "iso": ["KZ","KAZ"], "currencyId": "tenge", "currencyName": "Tenge", "currencyCode": "KZT", "continentId": "europe", "continentCode": "EU", "continentName": "Europe" },
{ "id": "kenya", "fullName": "Kenya", "dialCode": 254, "iso": ["KE","KEN"], "currencyId": "kenyan_shilling", "currencyName": "Kenyan Shilling", "currencyCode": "KES", "continentId": "africa", "continentCode": "AF", "continentName": "Africa" },
{ "id": "kiribati", "fullName": "Kiribati", "dialCode": 686, "iso": ["KI","KIR"], "currencyId": "australian_dollar", "currencyName": "Australian Dollar", "currencyCode": "AUD", "continentId": "oceania", "continentCode": "OC", "continentName": "Oceania" },
{ "id": "kosovo", "fullName": "Kosovo", "dialCode": 383, "iso": ["XK","XKS"], "currencyId": "euro", "currencyName": "Euro", "currencyCode": "EUR", "continentId": "europe", "continentCode": "EU", "continentName": "Europe" },
{ "id": "kuwait", "fullName": "Kuwait", "dialCode": 965, "iso": ["KW","KWT"], "currencyId": "kuwaiti_dinar", "currencyName": "Kuwaiti Dinar", "currencyCode": "KWD", "continentId": "asia", "continentCode": "AS", "continentName": "Asia" },
{ "id": "kyrgyzstan", "fullName": "Kyrgyzstan", "dialCode": 996, "iso": ["KG","KGZ"], "currencyId": "som", "currencyName": "Som", "currencyCode": "KGS", "continentId": "asia", "continentCode": "AS", "continentName": "Asia" },
{ "id": "laos", "fullName": "Laos", "dialCode": 856, "iso": ["LA","LAO"], "currencyId": "kip", "currencyName": "Kip", "currencyCode": "LAK", "continentId": "asia", "continentCode": "AS", "continentName": "Asia" },
{ "id": "latvia", "fullName": "Latvia", "dialCode": 371, "iso": ["LV","LVA"], "currencyId": "euro", "currencyName": "Euro", "currencyCode": "EUR", "continentId": "europe", "continentCode": "EU", "continentName": "Europe" },
{ "id": "lebanon", "fullName": "Lebanon", "dialCode": 961, "iso": ["LB","LBN"], "currencyId": "lebanese_pound", "currencyName": "Lebanese Pound", "currencyCode": "LBP", "continentId": "asia", "continentCode": "AS", "continentName": "Asia" },
{ "id": "lesotho", "fullName": "Lesotho", "dialCode": 266, "iso": ["LS","LSO"], "currencyId": "lesotho_loti", "currencyName": "Lesotho Loti", "currencyCode": "LSL", "continentId": "africa", "continentCode": "AF", "continentName": "Africa" },
{ "id": "liberia", "fullName": "Liberia", "dialCode": 231, "iso": ["LR","LBR"], "currencyId": "liberian_dollar", "currencyName": "Liberian Dollar", "currencyCode": "LRD", "continentId": "africa", "continentCode": "AF", "continentName": "Africa" },
{ "id": "libya", "fullName": "Libya", "dialCode": 218, "iso": ["LY","LBY"], "currencyId": "libyan_dinar", "currencyName": "Libyan Dinar", "currencyCode": "LYD", "continentId": "africa", "continentCode": "AF", "continentName": "Africa" },
{ "id": "liechtenstein", "fullName": "Liechtenstein", "dialCode": 423, "iso": ["LI","LIE"], "currencyId": "swiss_franc", "currencyName": "Swiss Franc", "currencyCode": "CHF", "continentId": "europe", "continentCode": "EU", "continentName": "Europe" },
{ "id": "lithuania", "fullName": "Lithuania", "dialCode": 370, "iso": ["LT","LTU"], "currencyId": "euro", "currencyName": "Euro", "currencyCode": "EUR", "continentId": "europe", "continentCode": "EU", "continentName": "Europe" },
{ "id": "luxembourg", "fullName": "Luxembourg", "dialCode": 352, "iso": ["LU","LUX"], "currencyId": "euro", "currencyName": "Euro", "currencyCode": "EUR", "continentId": "europe", "continentCode": "EU", "continentName": "Europe" },
{ "id": "macau", "fullName": "Macau", "dialCode": 853, "iso": ["MO","MAC"], "currencyId": "macaniese_pataca", "currencyName": "Macanese Pataca", "currencyCode": "MOP", "continentId": "asia", "continentCode": "AS", "continentName": "Asia" },
{ "id": "macedonia", "fullName": "Macedonia", "dialCode": 389, "iso": ["MK","MKD"], "currencyId": "denar", "currencyName": "Denar", "currencyCode": "MKD", "continentId": "europe", "continentCode": "EU", "continentName": "Europe" },
{ "id": "madagascar", "fullName": "Madagascar", "dialCode": 261, "iso": ["MG","MDG"], "currencyId": "malagasy_ariary", "currencyName": "Malagasy Ariary", "currencyCode": "MGA", "continentId": "africa", "continentCode": "AF", "continentName": "Africa" },
{ "id": "malawi", "fullName": "Malawi", "dialCode": 265, "iso": ["MW","MWI"], "currencyId": "malawian_kwacha", "currencyName": "Malawian Kwacha", "currencyCode": "MWK", "continentId": "africa", "continentCode": "AF", "continentName": "Africa" },
{ "id": "malaysia", "fullName": "Malaysia", "dialCode": 60, "iso": ["MY","MYS"], "currencyId": "ringgit", "currencyName": "Ringgit", "currencyCode": "MYR", "continentId": "asia", "continentCode": "AS", "continentName": "Asia" },
{ "id": "maldives", "fullName": "Maldives", "dialCode": 960, "iso": ["MV","MDV"], "currencyId": "rufiyaa", "currencyName": "Rufiyaa", "currencyCode": "MVR", "continentId": "asia", "continentCode": "AS", "continentName": "Asia" },
{ "id": "mali", "fullName": "Mali", "dialCode": 223, "iso": ["ML","MLI"], "currencyId": "cfa_franc", "currencyName": "CFA Franc", "currencyCode": "XOF", "continentId": "africa", "continentCode": "AF", "continentName": "Africa" },
{ "id": "malta", "fullName": "Malta", "dialCode": 356, "iso": ["MT","MLT"], "currencyId": "euro", "currencyName": "Euro", "currencyCode": "EUR", "continentId": "europe", "continentCode": "EU", "continentName": "Europe" },
{ "id": "marshall_islands", "fullName": "Marshall Islands", "dialCode": 692, "iso": ["MH","MHL"], "currencyId": "us_dollar", "currencyName": "US Dollar", "currencyCode": "USD", "continentId": "oceania", "continentCode": "OC", "continentName": "Oceania" },
{ "id": "martinique", "fullName": "Martinique", "dialCode": 596, "iso": ["MQ","MTQ"], "currencyId": "euro", "currencyName": "Euro", "currencyCode": "EUR", "continentId": "north_america", "continentCode": "NA", "continentName": "North America" },
{ "id": "mauritania", "fullName": "Mauritania", "dialCode": 222, "iso": ["MR","MRT"], "currencyId": "new_ouguiya", "currencyName": "New Ouguiya", "currencyCode": "MRU", "continentId": "africa", "continentCode": "AF", "continentName": "Africa" },
{ "id": "mauritius", "fullName": "Mauritius", "dialCode": 230, "iso": ["MU","MUS"], "currencyId": "mauritius_rupee", "currencyName": "Mauritius Rupee", "currencyCode": "MUR", "continentId": "africa", "continentCode": "AF", "continentName": "Africa" },
{ "id": "mayotte", "fullName": "Mayotte", "dialCode": 262, "iso": ["YT","MYT"], "currencyId": "euro", "currencyName": "Euro", "currencyCode": "EUR", "continentId": "africa", "continentCode": "AF", "continentName": "Africa" },
{ "id": "mexico", "fullName": "Mexico", "dialCode": 52, "iso": ["MX","MEX"], "currencyId": "mexican_peso", "currencyName": "Mexican Peso", "currencyCode": "MXN", "continentId": "north_america", "continentCode": "NA", "continentName": "North America" },
{ "id": "moldova", "fullName": "Moldova", "dialCode": 373, "iso": ["MD","MDA"], "currencyId": "moldova_leu", "currencyName": "Moldova Leu", "currencyCode": "MDL", "continentId": "europe", "continentCode": "EU", "continentName": "Europe" },
{ "id": "monaco", "fullName": "Monaco", "dialCode": 377, "iso": ["MC","MCO"], "currencyId": "euro", "currencyName": "Euro", "currencyCode": "EUR", "continentId": "europe", "continentCode": "EU", "continentName": "Europe" },
{ "id": "mongolia", "fullName": "Mongolia", "dialCode": 976, "iso": ["MN","MNG"], "currencyId": "tugrik", "currencyName": "Tugrik", "currencyCode": "MNT", "continentId": "asia", "continentCode": "AS", "continentName": "Asia" },
{ "id": "montenegro", "fullName": "Montenegro", "dialCode": 382, "iso": ["ME","MNE"], "currencyId": "euro", "currencyName": "Euro", "currencyCode": "EUR", "continentId": "europe", "continentCode": "EU", "continentName": "Europe" },
{ "id": "montserrat", "fullName": "Montserrat", "dialCode": 1, "iso": ["MS","MSR"], "currencyId": "eastern_caribbean_dollar", "currencyName": "Eastern Caribbean Dollar", "currencyCode": "XCD", "continentId": "north_america", "continentCode": "NA", "continentName": "North America" },
{ "id": "morocco", "fullName": "Morocco", "dialCode": 212, "iso": ["MA","MAR"], "currencyId": "moroccan_dirham", "currencyName": "Moroccan Dirham", "currencyCode": "MAD", "continentId": "africa", "continentCode": "AF", "continentName": "Africa" },
{ "id": "mozambique", "fullName": "Mozambique", "dialCode": 258, "iso": ["MZ","MOZ"], "currencyId": "mozambican_metical", "currencyName": "Mozambican Metical", "currencyCode": "MZM", "continentId": "africa", "continentCode": "AF", "continentName": "Africa" },
{ "id": "myanmar", "fullName": "Myanmar", "dialCode": 95, "iso": ["MM","MMR"], "currencyId": "kyat", "currencyName": "Kyat", "currencyCode": "MMK", "continentId": "asia", "continentCode": "AS", "continentName": "Asia" },
{ "id": "namibia", "fullName": "Namibia", "dialCode": 264, "iso": ["NA","NAM"], "currencyId": "namibian_dollar", "currencyName": "Namibian Dollar", "currencyCode": "NAD", "continentId": "africa", "continentCode": "AF", "continentName": "Africa" },
{ "id": "nauru", "fullName": "Nauru", "dialCode": 674, "iso": ["NR","NRU"], "currencyId": "australian_dollar", "currencyName": "Australian Dollar", "currencyCode": "AUD", "continentId": "oceania", "continentCode": "OC", "continentName": "Oceania" },
{ "id": "nepal", "fullName": "Nepal", "dialCode": 977, "iso": ["NP","NPL"], "currencyId": "nepalese_rupee", "currencyName": "Nepalese Rupee", "currencyCode": "NPR", "continentId": "asia", "continentCode": "AS", "continentName": "Asia" },
{ "id": "netherlands", "fullName": "Netherlands", "dialCode": 31, "iso": ["NL","NLD"], "currencyId": "euro", "currencyName": "Euro", "currencyCode": "EUR", "continentId": "europe", "continentCode": "EU", "continentName": "Europe" },
{ "id": "new_caledonia", "fullName": "New Caledonia", "dialCode": 687, "iso": ["NC","NCL"], "currencyId": "cfp_franc", "currencyName": "CFP Franc", "currencyCode": "XPF", "continentId": "oceania", "continentCode": "OC", "continentName": "Oceania" },
{ "id": "new_zealand", "fullName": "New Zealand", "dialCode": 64, "iso": ["NZ","NZL"], "currencyId": "new_zealand_dollar", "currencyName": "New Zealand Dollar", "currencyCode": "NZD", "continentId": "oceania", "continentCode": "OC", "continentName": "Oceania" },
{ "id": "nicaragua", "fullName": "Nicaragua", "dialCode": 505, "iso": ["NI","NIC"], "currencyId": "nicaraguan_cordoba_oro", "currencyName": "Nicaraguan Cordoba Oro", "currencyCode": "NIO", "continentId": "north_america", "continentCode": "NA", "continentName": "North America" },
{ "id": "niger", "fullName": "Niger", "dialCode": 227, "iso": ["NE","NER"], "currencyId": "cfa_franc", "currencyName": "CFA Franc", "currencyCode": "XOF", "continentId": "africa", "continentCode": "AF", "continentName": "Africa" },
{ "id": "nigeria", "fullName": "Nigeria", "dialCode": 234, "iso": ["NG","NGA"], "currencyId": "naira", "currencyName": "Naira", "currencyCode": "NGN", "continentId": "africa", "continentCode": "AF", "continentName": "Africa" },
{ "id": "niue", "fullName": "Niue", "dialCode": 683, "iso": ["NU","NIU"], "currencyId": "new_zealand_dollar", "currencyName": "New Zealand Dollar", "currencyCode": "NZD", "continentId": "oceania", "continentCode": "OC", "continentName": "Oceania" },
{ "id": "norfolk_island", "fullName": "Norfolk Island", "dialCode": 672, "iso": ["NF","NFK"], "currencyId": "australian_dollar", "currencyName": "Australian Dollar", "currencyCode": "AUD", "continentId": "oceania", "continentCode": "OC", "continentName": "Oceania" },
{ "id": "north_korea", "fullName": "North Korea", "dialCode": 850, "iso": ["KP","PRK"], "currencyId": "north_korean_won", "currencyName": "North Korean Won", "currencyCode": "KPW", "continentId": "asia", "continentCode": "AS", "continentName": "Asia" },
{ "id": "northern_mariana_islands", "fullName": "Northern Mariana Islands", "dialCode": 1, "iso": ["MP","MNP"], "currencyId": "us_dollar", "currencyName": "US Dollar", "currencyCode": "USD", "continentId": "oceania", "continentCode": "OC", "continentName": "Oceania" },
{ "id": "norway", "fullName": "Norway", "dialCode": 47, "iso": ["NO","NOR"], "currencyId": "norway_krone", "currencyName": "Norway Krone", "currencyCode": "NOK", "continentId": "europe", "continentCode": "EU", "continentName": "Europe" },
{ "id": "oman", "fullName": "Oman", "dialCode": 968, "iso": ["OM","OMN"], "currencyId": "omani_rial", "currencyName": "Omani Rial", "currencyCode": "OMR", "continentId": "asia", "continentCode": "AS", "continentName": "Asia" },
{ "id": "pakistan", "fullName": "Pakistan", "dialCode": 92, "iso": ["PK","PAK"], "currencyId": "pakistani_rupee", "currencyName": "Pakistani Rupee", "currencyCode": "PKR", "continentId": "asia", "continentCode": "AS", "continentName": "Asia" },
{ "id": "palau", "fullName": "Palau", "dialCode": 680, "iso": ["PW","PLW"], "currencyId": "us_dollar", "currencyName": "US Dollar", "currencyCode": "USD", "continentId": "oceania", "continentCode": "OC", "continentName": "Oceania" },
{ "id": "panama", "fullName": "Panama", "dialCode": 507, "iso": ["PA","PAN"], "currencyId": "balboa", "currencyName": "Balboa", "currencyCode": "PAB", "continentId": "north_america", "continentCode": "NA", "continentName": "North America" },
{ "id": "papua_new_guinea", "fullName": "Papua New Guinea", "dialCode": 675, "iso": ["PG","PNG"], "currencyId": "kina", "currencyName": "Kina", "currencyCode": "PGK", "continentId": "oceania", "continentCode": "OC", "continentName": "Oceania" },
{ "id": "paraguay", "fullName": "Paraguay", "dialCode": 595, "iso": ["PY","PRY"], "currencyId": "guarani", "currencyName": "Guarani", "currencyCode": "PYG", "continentId": "south_america", "continentCode": "SA", "continentName": "South America" },
{ "id": "peru", "fullName": "Peru", "dialCode": 51, "iso": ["PE","PER"], "currencyId": "nuevo_sol", "currencyName": "Nuevo Sol", "currencyCode": "PEN", "continentId": "south_america", "continentCode": "SA", "continentName": "South America" },
{ "id": "philippines", "fullName": "Philippines", "dialCode": 63, "iso": ["PH","PHL"], "currencyId": "philippines_peso", "currencyName": "Philippines Peso", "currencyCode": "PHP", "continentId": "asia", "continentCode": "AS", "continentName": "Asia" },
{ "id": "pitcairn_islands", "fullName": "Pitcairn Islands", "dialCode": 64, "iso": ["PN","PCN"], "currencyId": "new_zealand_dollar", "currencyName": "New Zealand Dollar", "currencyCode": "NZD", "continentId": "oceania", "continentCode": "OC", "continentName": "Oceania" },
{ "id": "poland", "fullName": "Poland", "dialCode": 48, "iso": ["PL","POL"], "currencyId": "zloty", "currencyName": "Zloty", "currencyCode": "PLN", "continentId": "europe", "continentCode": "EU", "continentName": "Europe" },
{ "id": "portugal", "fullName": "Portugal", "dialCode": 351, "iso": ["PT","PRT"], "currencyId": "euro", "currencyName": "Euro", "currencyCode": "EUR", "continentId": "europe", "continentCode": "EU", "continentName": "Europe" },
{ "id": "puerto_rico", "fullName": "Puerto Rico", "dialCode": 1, "iso": ["PR","PRI"], "currencyId": "us_dollar", "currencyName": "US Dollar", "currencyCode": "USD", "continentId": "north_america", "continentCode": "NA", "continentName": "North America" },
{ "id": "qatar", "fullName": "Qatar", "dialCode": 974, "iso": ["QA","QAT"], "currencyId": "qatar_rial", "currencyName": "Qatar Rial", "currencyCode": "QAR", "continentId": "asia", "continentCode": "AS", "continentName": "Asia" },
{ "id": "reunion", "fullName": "Reunion", "dialCode": 262, "iso": ["RE","REU"], "currencyId": "euro", "currencyName": "Euro", "currencyCode": "EUR", "continentId": "africa", "continentCode": "AF", "continentName": "Africa" },
{ "id": "romania", "fullName": "Romania", "dialCode": 40, "iso": ["RO","ROU"], "currencyId": "romania_leu", "currencyName": "Romania Leu", "currencyCode": "RON", "continentId": "europe", "continentCode": "EU", "continentName": "Europe" },
{ "id": "russia", "fullName": "Russia", "dialCode": 7, "iso": ["RU","RUS"], "currencyId": "rouble", "currencyName": "Rouble", "currencyCode": "RUB", "continentId": "europe", "continentCode": "EU", "continentName": "Europe" },
{ "id": "rwanda", "fullName": "Rwanda", "dialCode": 250, "iso": ["RW","RWA"], "currencyId": "rwandan_franc", "currencyName": "Rwandan Franc", "currencyCode": "RWF", "continentId": "africa", "continentCode": "AF", "continentName": "Africa" },
{ "id": "saint_barthelemy", "fullName": "Saint Barthelemy", "dialCode": 590, "iso": ["BL","BLM"], "currencyId": "euro", "currencyName": "Euro", "currencyCode": "EUR", "continentId": "north_america", "continentCode": "NA", "continentName": "North America" },
{ "id": "saint_helena_ascension_and_tristan_da_cunha", "fullName": "Saint Helena, Ascension, and Tristan da Cunha", "dialCode": 290, "iso": ["SH","SHN"], "currencyId": "saint_helena_pound", "currencyName": "Saint Helena Pound", "currencyCode": "SHP", "continentId": "africa", "continentCode": "AF", "continentName": "Africa" },
{ "id": "saint_kitts_and_nevis", "fullName": "Saint Kitts and Nevis", "dialCode": 1, "iso": ["KN","KNA"], "currencyId": "eastern_caribbean_dollar", "currencyName": "Eastern Caribbean Dollar", "currencyCode": "XCD", "continentId": "north_america", "continentCode": "NA", "continentName": "North America" },
{ "id": "saint_lucia", "fullName": "Saint Lucia", "dialCode": 1, "iso": ["LC","LCA"], "currencyId": "eastern_caribbean_dollar", "currencyName": "Eastern Caribbean Dollar", "currencyCode": "XCD", "continentId": "north_america", "continentCode": "NA", "continentName": "North America" },
{ "id": "saint_martin", "fullName": "Saint Martin", "dialCode": 590, "iso": ["MF","MAF"], "currencyId": "euro", "currencyName": "Euro", "currencyCode": "EUR", "continentId": "north_america", "continentCode": "NA", "continentName": "North America" },
{ "id": "saint_pierre_and_miquelon", "fullName": "Saint Pierre and Miquelon", "dialCode": 508, "iso": ["PM","SPM"], "currencyId": "euro", "currencyName": "Euro", "currencyCode": "EUR", "continentId": "north_america", "continentCode": "NA", "continentName": "North America" },
{ "id": "saint_vincent_and_the_grenadines", "fullName": "Saint Vincent and the Grenadines", "dialCode": 1, "iso": ["VC","VCT"], "currencyId": "eastern_caribbean_dollar", "currencyName": "Eastern Caribbean Dollar", "currencyCode": "XCD", "continentId": "north_america", "continentCode": "NA", "continentName": "North America" },
{ "id": "samoa", "fullName": "Samoa", "dialCode": 685, "iso": ["WS","WSM"], "currencyId": "tala", "currencyName": "Tala", "currencyCode": "WST", "continentId": "oceania", "continentCode": "OC", "continentName": "Oceania" },
{ "id": "san_marino", "fullName": "San Marino", "dialCode": 378, "iso": ["SM","SMR"], "currencyId": "euro", "currencyName": "Euro", "currencyCode": "EUR", "continentId": "europe", "continentCode": "EU", "continentName": "Europe" },
{ "id": "sao_tome_and_principe", "fullName": "Sao Tome and Principe", "dialCode": 239, "iso": ["ST","STP"], "currencyId": "new_dobra", "currencyName": "New Dobra", "currencyCode": "STN", "continentId": "africa", "continentCode": "AF", "continentName": "Africa" },
{ "id": "saudi_arabia", "fullName": "Saudi Arabia", "dialCode": 966, "iso": ["SA","SAU"], "currencyId": "saudi_riyal", "currencyName": "Saudi Riyal", "currencyCode": "SAR", "continentId": "asia", "continentCode": "AS", "continentName": "Asia" },
{ "id": "senegal", "fullName": "Senegal", "dialCode": 221, "iso": ["SN","SEN"], "currencyId": "cfa_franc", "currencyName": "CFA Franc", "currencyCode": "XOF", "continentId": "africa", "continentCode": "AF", "continentName": "Africa" },
{ "id": "serbia", "fullName": "Serbia", "dialCode": 381, "iso": ["RS","SRB"], "currencyId": "serbian_dinar", "currencyName": "Serbian Dinar", "currencyCode": "RSD", "continentId": "europe", "continentCode": "EU", "continentName": "Europe" },
{ "id": "seychelles", "fullName": "Seychelles", "dialCode": 248, "iso": ["SC","SYC"], "currencyId": "seychelles_rupee", "currencyName": "Seychelles Rupee", "currencyCode": "SCR", "continentId": "africa", "continentCode": "AF", "continentName": "Africa" },
{ "id": "sierra_leone", "fullName": "Sierra Leone", "dialCode": 232, "iso": ["SL","SLE"], "currencyId": "leone", "currencyName": "Leone", "currencyCode": "SLL", "continentId": "africa", "continentCode": "AF", "continentName": "Africa" },
{ "id": "singapore", "fullName": "Singapore", "dialCode": 65, "iso": ["SG","SGP"], "currencyId": "singapore_dollar", "currencyName": "Singapore Dollar", "currencyCode": "SGD", "continentId": "asia", "continentCode": "AS", "continentName": "Asia" },
{ "id": "sint_maarten", "fullName": "Sint Maarten", "dialCode": 1, "iso": ["SX","SXM"], "currencyId": "netherlands_antillean_guilder", "currencyName": "Netherlands Antillean Guilder", "currencyCode": "ANG", "continentId": "north_america", "continentCode": "NA", "continentName": "North America" },
{ "id": "slovakia", "fullName": "Slovakia", "dialCode": 421, "iso": ["SK","SVK"], "currencyId": "euro", "currencyName": "Euro", "currencyCode": "EUR", "continentId": "europe", "continentCode": "EU", "continentName": "Europe" },
{ "id": "slovenia", "fullName": "Slovenia", "dialCode": 386, "iso": ["SI","SVN"], "currencyId": "euro", "currencyName": "Euro", "currencyCode": "EUR", "continentId": "europe", "continentCode": "EU", "continentName": "Europe" },
{ "id": "solomon_islands", "fullName": "Solomon Islands", "dialCode": 677, "iso": ["SB","SLB"], "currencyId": "solomon_dollar", "currencyName": "Solomon Dollar", "currencyCode": "SBD", "continentId": "oceania", "continentCode": "OC", "continentName": "Oceania" },
{ "id": "somalia", "fullName": "Somalia", "dialCode": 252, "iso": ["SO","SOM"], "currencyId": "somalian_shilling", "currencyName": "Somalian Shilling", "currencyCode": "SOS", "continentId": "africa", "continentCode": "AF", "continentName": "Africa" },
{ "id": "south_africa", "fullName": "South Africa", "dialCode": 27, "iso": ["ZA","ZAF"], "currencyId": "rand", "currencyName": "Rand", "currencyCode": "ZAR", "continentId": "africa", "continentCode": "AF", "continentName": "Africa" },
{ "id": "south_georgia_and_south_sandwich_islands", "fullName": "South Georgia And South Sandwich Islands", "dialCode": 500, "iso": ["GS","SGS"], "currencyId": "pound_sterling", "currencyName": "Pound Sterling", "currencyCode": "GBP", "continentId": "antarctica", "continentCode": "AN", "continentName": "Antarctica" },
{ "id": "south_korea", "fullName": "South Korea", "dialCode": 82, "iso": ["KR","KOR"], "currencyId": "won", "currencyName": "Won", "currencyCode": "KRW", "continentId": "asia", "continentCode": "AS", "continentName": "Asia" },
{ "id": "south_sudan", "fullName": "South Sudan", "dialCode": 211, "iso": ["SS","SSD"], "currencyId": "south_sudanese_pound", "currencyName": "South Sudanese Pound", "currencyCode": "SSP", "continentId": "africa", "continentCode": "AF", "continentName": "Africa" },
{ "id": "spain", "fullName": "Spain", "dialCode": 34, "iso": ["ES","ESP"], "currencyId": "euro", "currencyName": "Euro", "currencyCode": "EUR", "continentId": "europe", "continentCode": "EU", "continentName": "Europe" },
{ "id": "sri_lanka", "fullName": "Sri Lanka", "dialCode": 94, "iso": ["LK","LKA"], "currencyId": "sri_lanka_rupee", "currencyName": "Sri Lanka Rupee", "currencyCode": "LKR", "continentId": "asia", "continentCode": "AS", "continentName": "Asia" },
{ "id": "sudan", "fullName": "Sudan", "dialCode": 249, "iso": ["SD","SDN"], "currencyId": "sudanese_pound", "currencyName": "Sudanese Pound", "currencyCode": "SDG", "continentId": "africa", "continentCode": "AF", "continentName": "Africa" },
{ "id": "suriname", "fullName": "Suriname", "dialCode": 597, "iso": ["SR","SUR"], "currencyId": "surinamese_dollar", "currencyName": "Surinamese Dollar", "currencyCode": "SRD", "continentId": "south_america", "continentCode": "SA", "continentName": "South America" },
{ "id": "svalbard", "fullName": "Svalbard", "dialCode": 47, "iso": ["XR","XSV"], "currencyId": "norwegian_krone", "currencyName": "Norwegian Krone", "currencyCode": "NOK", "continentId": "europe", "continentCode": "EU", "continentName": "Europe" },
{ "id": "swaziland", "fullName": "Swaziland", "dialCode": 268, "iso": ["SZ","SWZ"], "currencyId": "lilangeni", "currencyName": "Lilangeni", "currencyCode": "SZL", "continentId": "africa", "continentCode": "AF", "continentName": "Africa" },
{ "id": "sweden", "fullName": "Sweden", "dialCode": 46, "iso": ["SE","SWE"], "currencyId": "swedish_krona", "currencyName": "Swedish Krona", "currencyCode": "SEK", "continentId": "europe", "continentCode": "EU", "continentName": "Europe" },
{ "id": "switzerland", "fullName": "Switzerland", "dialCode": 41, "iso": ["CH","CHE"], "currencyId": "swiss_franc", "currencyName": "Swiss Franc", "currencyCode": "CHF", "continentId": "europe", "continentCode": "EU", "continentName": "Europe" },
{ "id": "syria", "fullName": "Syria", "dialCode": 963, "iso": ["SY","SYR"], "currencyId": "syrian_pound", "currencyName": "Syrian Pound", "currencyCode": "SYP", "continentId": "asia", "continentCode": "AS", "continentName": "Asia" },
{ "id": "taiwan", "fullName": "Taiwan", "dialCode": 886, "iso": ["TW","TWN"], "currencyId": "new_taiwan_dollar", "currencyName": "New Taiwan Dollar", "currencyCode": "TWD", "continentId": "asia", "continentCode": "AS", "continentName": "Asia" },
{ "id": "tajikistan", "fullName": "Tajikistan", "dialCode": 992, "iso": ["TJ","TJK"], "currencyId": "somoni", "currencyName": "Somoni", "currencyCode": "TJS", "continentId": "asia", "continentCode": "AS", "continentName": "Asia" },
{ "id": "tanzania", "fullName": "Tanzania", "dialCode": 255, "iso": ["TZ","TZA"], "currencyId": "tanzanian_shilling", "currencyName": "Tanzanian Shilling", "currencyCode": "TZS", "continentId": "africa", "continentCode": "AF", "continentName": "Africa" },
{ "id": "thailand", "fullName": "Thailand", "dialCode": 66, "iso": ["TH","THA"], "currencyId": "bhat", "currencyName": "Bhat", "currencyCode": "THB", "continentId": "asia", "continentCode": "AS", "continentName": "Asia" },
{ "id": "the_bahamas", "fullName": "The Bahamas", "dialCode": 1, "iso": ["BS","BHS"], "currencyId": "bahamian_dollar", "currencyName": "Bahamian Dollar", "currencyCode": "BSD", "continentId": "north_america", "continentCode": "NA", "continentName": "North America" },
{ "id": "the_gambia", "fullName": "The Gambia", "dialCode": 220, "iso": ["GM","GMB"], "currencyId": "gambian_dalasi", "currencyName": "Gambian Dalasi", "currencyCode": "GMD", "continentId": "africa", "continentCode": "AF", "continentName": "Africa" },
{ "id": "timor_leste", "fullName": "Timor-Leste", "dialCode": 670, "iso": ["TL","TLS"], "currencyId": "us_dollar", "currencyName": "US Dollar", "currencyCode": "USD", "continentId": "asia", "continentCode": "AS", "continentName": "Asia" },
{ "id": "togo", "fullName": "Togo", "dialCode": 228, "iso": ["TG","TGO"], "currencyId": "cfa_franc", "currencyName": "CFA Franc", "currencyCode": "XOF", "continentId": "africa", "continentCode": "AF", "continentName": "Africa" },
{ "id": "tonga", "fullName": "Tonga", "dialCode": 676, "iso": ["TO","TON"], "currencyId": "paanga", "currencyName": "Pa'anga", "currencyCode": "TOP", "continentId": "oceania", "continentCode": "OC", "continentName": "Oceania" },
{ "id": "trinidad_and_tobago", "fullName": "Trinidad and Tobago", "dialCode": 1, "iso": ["TT","TTO"], "currencyId": "trinidad_and_tobago_dollar", "currencyName": "Trinidad and Tobago Dollar", "currencyCode": "TTD", "continentId": "north_america", "continentCode": "NA", "continentName": "North America" },
{ "id": "tunisia", "fullName": "Tunisia", "dialCode": 216, "iso": ["TN","TUN"], "currencyId": "tunisian_dinar", "currencyName": "Tunisian Dinar", "currencyCode": "TND", "continentId": "africa", "continentCode": "AF", "continentName": "Africa" },
{ "id": "turkey", "fullName": "Turkey", "dialCode": 90, "iso": ["TR","TUR"], "currencyId": "turkish_lira", "currencyName": "Turkish Lira", "currencyCode": "TRY", "continentId": "europe", "continentCode": "EU", "continentName": "Europe" },
{ "id": "turkmenistan", "fullName": "Turkmenistan", "dialCode": 993, "iso": ["TM","TKM"], "currencyId": "new_manat", "currencyName": "New Manat", "currencyCode": "TMT", "continentId": "asia", "continentCode": "AS", "continentName": "Asia" },
{ "id": "turks_and_caicos_islands", "fullName": "Turks and Caicos Islands", "dialCode": 1, "iso": ["TC","TCA"], "currencyId": "us_dollar", "currencyName": "US Dollar", "currencyCode": "USD", "continentId": "north_america", "continentCode": "NA", "continentName": "North America" },
{ "id": "tuvalu", "fullName": "Tuvalu", "dialCode": 688, "iso": ["TV","TUV"], "currencyId": "australian_dollar", "currencyName": "Australian Dollar", "currencyCode": "AUD", "continentId": "oceania", "continentCode": "OC", "continentName": "Oceania" },
{ "id": "uganda", "fullName": "Uganda", "dialCode": 256, "iso": ["UG","UGA"], "currencyId": "ugandan_shilling", "currencyName": "Ugandan shilling", "currencyCode": "UGS", "continentId": "africa", "continentCode": "AF", "continentName": "Africa" },
{ "id": "ukraine", "fullName": "Ukraine", "dialCode": 380, "iso": ["UA","UKR"], "currencyId": "hryvnia", "currencyName": "Hryvnia", "currencyCode": "UAH", "continentId": "europe", "continentCode": "EU", "continentName": "Europe" },
{ "id": "united_arab_emirates", "fullName": "United Arab Emirates", "dialCode": 971, "iso": ["AE","ARE"], "currencyId": "uaemirates_dirham", "currencyName": "U.A.Emirates Dirham", "currencyCode": "AED", "continentId": "asia", "continentCode": "AS", "continentName": "Asia" },
{ "id": "united_kingdom", "fullName": "United Kingdom", "dialCode": 44, "iso": ["GB","GBR"], "currencyId": "pound_sterling", "currencyName": "Pound Sterling", "currencyCode": "GBP", "continentId": "europe", "continentCode": "EU", "continentName": "Europe" },
{ "id": "united_states", "fullName": "United States", "dialCode": 1, "iso": ["US","USA"], "currencyId": "us_dollar", "currencyName": "US Dollar", "currencyCode": "USD", "continentId": "north_america", "continentCode": "NA", "continentName": "North America" },
{ "id": "uruguay", "fullName": "Uruguay", "dialCode": 598, "iso": ["UY","URY"], "currencyId": "uruguayan_peso", "currencyName": "Uruguayan Peso", "currencyCode": "UYU", "continentId": "south_america", "continentCode": "SA", "continentName": "South America" },
{ "id": "us_virgin_islands", "fullName": "U.S. Virgin Islands", "dialCode": 1, "iso": ["VI","VIR"], "currencyId": "us_dollar", "currencyName": "US Dollar", "currencyCode": "USD", "continentId": "north_america", "continentCode": "NA", "continentName": "North America" },
{ "id": "uzbekistan", "fullName": "Uzbekistan", "dialCode": 998, "iso": ["UZ","UZB"], "currencyId": "sum", "currencyName": "Sum", "currencyCode": "UZS", "continentId": "asia", "continentCode": "AS", "continentName": "Asia" },
{ "id": "vanuatu", "fullName": "Vanuatu", "dialCode": 678, "iso": ["VU","VUT"], "currencyId": "vatu", "currencyName": "Vatu", "currencyCode": "VUV", "continentId": "oceania", "continentCode": "OC", "continentName": "Oceania" },
{ "id": "vatican_city", "fullName": "Vatican City", "dialCode": 379, "iso": ["VA","VAT"], "currencyId": "euro", "currencyName": "Euro", "currencyCode": "EUR", "continentId": "europe", "continentCode": "EU", "continentName": "Europe" },
{ "id": "venezuela", "fullName": "Venezuela", "dialCode": 58, "iso": ["VE","VEN"], "currencyId": "bolivar_fuerte", "currencyName": "Bolivar Fuerte", "currencyCode": "VEF", "continentId": "south_america", "continentCode": "SA", "continentName": "South America" },
{ "id": "vietnam", "fullName": "Vietnam", "dialCode": 84, "iso": ["VN","VNM"], "currencyId": "dong", "currencyName": "Dong", "currencyCode": "VND", "continentId": "asia", "continentCode": "AS", "continentName": "Asia" },
{ "id": "wallis_and_futuna", "fullName": "Wallis and Futuna", "dialCode": 681, "iso": ["WF","WLF"], "currencyId": "cfp_franc", "currencyName": "CFP Franc", "currencyCode": "XPF", "continentId": "oceania", "continentCode": "OC", "continentName": "Oceania" },
{ "id": "west_bank", "fullName": "West Bank", "dialCode": 972, "iso": ["XW","XWB"], "currencyId": "israeli_shekel", "currencyName": "Israeli Shekel", "currencyCode": "ILS", "continentId": "asia", "continentCode": "AS", "continentName": "Asia" },
{ "id": "yemen", "fullName": "Yemen", "dialCode": 967, "iso": ["YE","YEM"], "currencyId": "yemeni_rial", "currencyName": "Yemeni Rial", "currencyCode": "YER", "continentId": "asia", "continentCode": "AS", "continentName": "Asia" },
{ "id": "zambia", "fullName": "Zambia", "dialCode": 260, "iso": ["ZM","ZMB"], "currencyId": "kwacha", "currencyName": "Kwacha", "currencyCode": "ZMK", "continentId": "africa", "continentCode": "AF", "continentName": "Africa" },
{ "id": "zimbabwe", "fullName": "Zimbabwe", "dialCode": 263, "iso": ["ZW","ZWE"], "currencyId": "us_dollar", "currencyName": "US Dollar", "currencyCode": "ZWD", "continentId": "africa", "continentCode": "AF", "continentName": "Africa" }
]